{
  "SceneObjects": [
    {
      "ID": "Castillo",
      "Position": {
        "X": -7.42,
        "Y": 0.0,
        "Z": 11.12
      },
      "Rotation": {
        "X": 0.0,
        "Y": 225.69397,
        "Z": 0.0
      },
      "Scale": {
        "X": 1.0,
        "Y": 1.0,
        "Z": 1.0
      }
    },
    {
      "ID": "Cuna",
      "Position": {
        "X": -6.444484,
        "Y": 0.0661385059,
        "Z": -4.46
      },
      "Rotation": {
        "X": 0.0,
        "Y": 90.0,
        "Z": 0.0
      },
      "Scale": {
        "X": 1.0,
        "Y": 1.0,
        "Z": 1.0
      }
    }
  ],
  "SwitchNodes": [
    {
      "X": -5.524484,
      "Y": 0.105041504,
      "Z": 8.635062
    },
    {
      "X": -5.524484,
      "Y": 0.105041504,
      "Z": 8.635062
    }
  ],
  "CatNodes": [
    {
      "X": -5.524484,
      "Y": 0.105041504,
      "Z": 8.635062
    },
    {
      "X": -5.524484,
      "Y": 0.105041504,
      "Z": 8.635062
    }
  ]
}