{
  "SceneObjects": [
    {
      "ID": "Cuna",
      "Position": {
        "X": -6.444484,
        "Y": 0.0661385059,
        "Z": -5.233733
      },
      "Rotation": {
        "X": 0.0,
        "Y": 90.0,
        "Z": 0.0
      },
      "Scale": {
        "X": 1.0,
        "Y": 1.0,
        "Z": 1.0
      }
    },
    {
      "ID": "Castillo",
      "Position": {
        "X": -9.924484,
        "Y": 0.105041504,
        "Z": 14.7950621
      },
      "Rotation": {
        "X": 0.0,
        "Y": 141.6589,
        "Z": 0.0
      },
      "Scale": {
        "X": 1.0,
        "Y": 1.0,
        "Z": 1.0
      }
    }
  ],
  "SwitchNodes": [
    {
      "X": -5.524484,
      "Y": 0.105041504,
      "Z": 8.635062
    },
    {
      "X": -5.524484,
      "Y": 0.105041504,
      "Z": 8.635062
    }
  ],
  "CatNodes": [
    {
      "X": -5.524484,
      "Y": 0.105041504,
      "Z": 8.635062
    },
    {
      "X": -5.524484,
      "Y": 0.105041504,
      "Z": 8.635062
    }
  ]
}